-- ===== CUSTOMERS =====
INSERT INTO customers (CustomerID, CustomerName) VALUES
('C0000001','Nguyen Van A'),
('C0000002','Tran Thi B'),
('C0000003','Le Minh Cuong'),
('C0000004','Pham Thi Dung'),
('C0000005','Hoang Gia Bao'),
('C0000006','Nguyen Thi Hong'),
('C0000007','Nguyen Van Nam'),
('C0000008','Tran Quoc Hung'),
('C0000009','Pham Bao Chau'),
('C0000010','Le Thi Huong'),
('C0000011','Nguyen Duc Thang'),
('C0000012','Bui Quang Huy'),
('C0000013','Doan Thanh Tung'),
('C0000014','Nguyen Thanh Phong'),
('C0000015','Vo Thi Ha'),
('C0000016','John Smith'),
('C0000017','Emma Johnson'),
('C0000018','Michael Brown'),
('C0000019','Olivia Taylor'),
('C0000020','David Wilson'),
('C0000021','Sarah Nguyen'),
('C0000022','James Tran'),
('C0000023','Anna Le'),
('C0000024','Peter Pham'),
('C0000025','Linda Hoang'),
('C0000026','Nguyen Bao An'),
('C0000027','Tran Duc Manh'),
('C0000028','Do Thi Thanh'),
('C0000029','Le Anh Tuan'),
('C0000030','Pham Thi My'),
('C0000031','Nguyen Khanh Linh'),
('C0000032','Vo Hoang Nam'),
('C0000033','Luu Thi Hoa'),
('C0000034','Bui Thanh Dat'),
('C0000035','Nguyen Trung Kien'),
('C0000036','Chris Evans'),
('C0000037','Laura Miller'),
('C0000038','Anthony Clark'),
('C0000039','Sophia Lewis'),
('C0000040','Daniel Hall'),
('C0000041','Pham Minh Duc'),
('C0000042','Le Van Son'),
('C0000043','Nguyen Thi Lan'),
('C0000044','Tran Bao Han'),
('C0000045','Vo Nhat Minh'),
('C0000046','Linh Hoang'),
('C0000047','Robert King'),
('C0000048','Nguyen Kim Anh'),
('C0000049','Lisa Nguyen'),
('C0000050','Nguyen Quoc Bao'),
('C0000051','Tom Anderson'),
('C0000052','Le Thu Trang');

-- ===== PRODUCTS =====
INSERT INTO products (ProductID, ProductName, Price) VALUES
('P0000001','USB Flash Drive 32GB',5.50),
('P0000002','Wireless Mouse',10.90),
('P0000003','Keyboard',12.00),
('P0000004','Bluetooth Headphones',25.00),
('P0000005','Portable Speaker',30.00),
('P0000006','Power Bank 10000mAh',18.50),
('P0000007','Smartwatch Basic',40.00),
('P0000008','Smartwatch Pro',85.00),
('P0000009','Wireless Charger',15.00),
('P0000010','Webcam HD',22.00),
('P0000011','LED Monitor 24"',120.00),
('P0000012','Mechanical Keyboard',65.00),
('P0000013','External Hard Drive 1TB',55.00),
('P0000014','SSD 512GB',70.00),
('P0000015','Laptop Cooling Pad',25.00),
('P0000016','Smartphone Entry',180.00),
('P0000017','Smartphone Midrange',320.00),
('P0000018','Smartphone Premium',950.00),
('P0000019','Tablet 8"',150.00),
('P0000020','Tablet 10"',220.00),
('P0000021','Laptop Basic',450.00),
('P0000022','Laptop Pro',950.00),
('P0000023','Desktop PC',600.00),
('P0000024','Gaming PC',1200.00),
('P0000025','4K Monitor 27"',350.00),
('P0000026','Wireless Earbuds',45.00),
('P0000027','Camera DSLR',800.00),
('P0000028','Action Camera',210.00),
('P0000029','Smart TV 43"',400.00),
('P0000030','Smart TV 65"',950.00),
('P0000031','VR Headset',300.00),
('P0000032','Router WiFi 6',90.00),
('P0000033','Drone Camera',750.00);

-- ===== ORDERS =====
INSERT INTO orders (OrderID, OrderDate, Status, CustomerID) VALUES
('O0000001','2025-09-15','pending','C0000003'),
('O0000002','2025-09-20','processing','C0000011'),
('O0000003','2025-09-25','delivered','C0000007'),
('O0000004','2025-09-28','shipped','C0000020'),
('O0000005','2025-10-01','pending','C0000015'),
('O0000006','2025-10-03','processing','C0000008'),
('O0000007','2025-10-05','shipped','C0000025'),
('O0000008','2025-10-06','delivered','C0000018'),
('O0000009','2025-10-07','processing','C0000040'),
('O0000010','2025-10-10','pending','C0000036'),
('O0000011','2025-10-12','delivered','C0000024'),
('O0000012','2025-10-13','shipped','C0000013'),
('O0000013','2025-10-14','processing','C0000027'),
('O0000014','2025-10-15','pending','C0000031'),
('O0000015','2025-10-17','delivered','C0000043'),
('O0000016','2025-10-18','processing','C0000045'),
('O0000017','2025-10-20','shipped','C0000005'),
('O0000018','2025-10-22','pending','C0000019'),
('O0000019','2025-10-23','processing','C0000023'),
('O0000020','2025-10-25','delivered','C0000041'),
('O0000021','2025-10-26','pending','C0000001'),
('O0000022','2025-10-28','shipped','C0000034'),
('O0000023','2025-10-29','processing','C0000028'),
('O0000024','2025-10-30','delivered','C0000010'),
('O0000025','2025-11-01','pending','C0000021'),
('O0000026','2025-11-02','processing','C0000022'),
('O0000027','2025-11-03','shipped','C0000030'),
('O0000028','2025-11-04','delivered','C0000048'),
('O0000029','2025-11-05','pending','C0000050'),
('O0000030','2025-11-06','processing','C0000014'),
('O0000031','2025-11-07','delivered','C0000029'),
('O0000032','2025-11-08','shipped','C0000033'),
('O0000033','2025-11-09','pending','C0000012'),
('O0000034','2025-11-10','processing','C0000042'),
('O0000035','2025-11-10','delivered','C0000047'),
('O0000036','2025-11-11','shipped','C0000009'),
('O0000037','2025-11-11','pending','C0000038'),
('O0000038','2025-11-12','delivered','C0000026'),
('O0000039','2025-11-12','processing','C0000035'),
('O0000040','2025-11-12','pending','C0000049'),
('O0000041','2025-10-08','shipped','C0000020'),
('O0000042','2025-10-09','processing','C0000044'),
('O0000043','2025-10-19','delivered','C0000016'),
('O0000044','2025-10-27','pending','C0000037'),
('O0000045','2025-10-31','processing','C0000017'),
('O0000046','2025-11-01','shipped','C0000040'),
('O0000047','2025-11-05','delivered','C0000004'),
('O0000048','2025-11-09','processing','C0000046'),
('O0000049','2025-11-11','pending','C0000025'),
('O0000050','2025-11-12','delivered','C0000039'),
('O0000051','2025-11-12','pending','C0000019'),
('O0000052','2025-11-12','processing','C0000002');

-- ===== ORDER ITEMS =====
INSERT INTO orderitems (OrderID, ProductID, Quantity) VALUES
('O0000001','P0000001',2),('O0000001','P0000004',1),
('O0000002','P0000010',1),('O0000002','P0000014',1),
('O0000003','P0000018',1),
('O0000004','P0000020',2),
('O0000005','P0000007',1),('O0000005','P0000013',2),
('O0000006','P0000005',1),('O0000006','P0000008',1),
('O0000007','P0000025',1),('O0000007','P0000009',2),
('O0000008','P0000017',1),
('O0000009','P0000016',1),
('O0000010','P0000029',1),('O0000010','P0000012',1),
('O0000011','P0000028',1),('O0000011','P0000006',1),
('O0000012','P0000002',3),('O0000012','P0000003',1),
('O0000013','P0000015',2),('O0000013','P0000014',1),
('O0000014','P0000008',1),('O0000014','P0000010',1),
('O0000015','P0000017',1),('O0000015','P0000005',2),
('O0000016','P0000022',1),
('O0000017','P0000024',1),('O0000017','P0000006',1),
('O0000018','P0000019',1),('O0000018','P0000027',1),
('O0000019','P0000018',1),
('O0000020','P0000026',2),
('O0000021','P0000009',1),
('O0000022','P0000011',1),('O0000022','P0000012',1),
('O0000023','P0000025',1),
('O0000024','P0000013',1),
('O0000025','P0000029',1),('O0000025','P0000007',1),
('O0000026','P0000030',1),
('O0000027','P0000021',1),('O0000027','P0000014',1),
('O0000028','P0000001',3),
('O0000029','P0000010',2),
('O0000030','P0000012',1),('O0000030','P0000014',1),
('O0000031','P0000019',1),
('O0000032','P0000023',1),('O0000032','P0000015',1),
('O0000033','P0000017',1),('O0000033','P0000016',1),
('O0000034','P0000002',2),
('O0000035','P0000003',1),('O0000035','P0000009',1),
('O0000036','P0000024',1),
('O0000037','P0000010',1),('O0000037','P0000001',1),
('O0000038','P0000015',1),('O0000038','P0000006',2),
('O0000039','P0000018',1),
('O0000040','P0000027',1),('O0000040','P0000012',1),
('O0000041','P0000022',1),
('O0000042','P0000019',1),
('O0000043','P0000021',1),('O0000043','P0000028',1),
('O0000044','P0000020',2),
('O0000045','P0000011',1),
('O0000046','P0000017',1),
('O0000047','P0000013',2),('O0000047','P0000002',1),
('O0000048','P0000025',1),
('O0000049','P0000010',1),
('O0000050','P0000008',1),
('O0000051','P0000029',1),
('O0000052','P0000023',1),('O0000052','P0000026',2),
('O0000026','P0000027',1),('O0000032','P0000018',1),
('O0000011','P0000014',1),('O0000024','P0000005',1),
('O0000017','P0000015',1),('O0000020','P0000003',1),
('O0000029','P0000011',1),('O0000048','P0000028',1);